{
  "version": 2,
  "builds": [
    {
      "src": "main.py",
      "use": "@vercel/python"
    }
  ],
  "routes": [
    {
      "src": "/(.*)",
      "dest": "main.py"
    }
  ],
  "env": {
    "FLASK_ENV": "production",
    "CACHE_TYPE": "simple",
    "CACHE_TIMEOUT": "3600",
    "RATE_LIMIT_ENABLED": "true",
    "RATE_LIMIT_DEFAULT": "60",
    "LOG_LEVEL": "INFO"
  },
  "crons": [
    {
      "path": "/api/cache/clear",
      "schedule": "0 0 * * *"
    }
  ],
  "functions": {
    "api/**/*.py": {
      "memory": 1024,
      "maxDuration": 10
    }
  },
  "headers": [
    {
      "source": "/api/(.*)",
      "headers": [
        {
          "key": "Access-Control-Allow-Origin",
          "value": "*"
        },
        {
          "key": "Access-Control-Allow-Methods",
          "value": "GET, POST, PUT, DELETE, OPTIONS"
        },
        {
          "key": "Access-Control-Allow-Headers",
          "value": "X-Requested-With, Content-Type, Accept"
        },
        {
          "key": "Cache-Control",
          "value": "public, max-age=0, must-revalidate"
        }
      ]
    },
    {
      "source": "/static/(.*)",
      "headers": [
        {
          "key": "Cache-Control",
          "value": "public, max-age=31536000, immutable"
        }
      ]
    }
  ],
  "regions": ["iad1"],
  "github": {
    "enabled": true,
    "silent": false
  }
}